id,first_name,last_name,email,gender,ip_address,date,time
1,Morse,Cowpe,mcowpe0@opera.com,Male,169.214.20.100,2021-10-29,1:06 PM
2,Jo,Gauge,jgauge1@cmu.edu,Female,184.113.227.164,2021-08-02,5:39 AM
3,Kayne,Wooldridge,kwooldridge2@miibeian.gov.cn,Male,148.60.135.195,2022-01-04,11:41 AM
4,Roger,Reyburn,rreyburn3@ucoz.ru,Male,72.232.69.223,2021-05-25,3:16 PM
5,Emmy,Lyness,elyness4@samsung.com,Male,222.164.180.2,2021-05-11,11:44 AM
6,Jenelle,Verillo,jverillo5@paypal.com,Female,246.185.56.68,2021-08-21,1:36 AM
7,Benedict,Sabbins,bsabbins6@microsoft.com,Bigender,195.96.78.21,2021-07-02,2:47 AM
8,Gibb,Bidewell,gbidewell7@cmu.edu,Male,88.154.183.7,2021-05-17,11:37 PM
9,Darrin,Massot,dmassot8@prnewswire.com,Male,237.206.237.23,2021-05-25,8:43 AM
10,Brewer,Panswick,bpanswick9@discuz.net,Male,246.123.165.95,2022-03-29,7:50 AM
